invoice_id,invoice_date,billing_phone
247,2023-12-10,250766666627
286,2020-07-21,250766666627
487,2022-09-26,250766666627
562,2022-05-13,250766666627
573,2020-08-24,250766666627
118,2020-06-23,250766666628
145,2023-02-09,250766666628
192,2023-06-22,250766666628
303,2022-03-25,250766666628
353,2023-01-24,250766666628
365,2023-07-16,250766666628
377,2021-08-04,250766666628
455,2022-10-01,250766666628
478,2022-06-14,250766666628
577,2020-12-27,250766666628
120,2020-10-26,250766666629
332,2023-05-24,250766666629
362,2022-02-14,250766666629
600,2021-04-29,250766666629
2,2022-12-31,250766666630
32,2020-08-01,250766666630
87,2023-03-22,250766666630
108,2023-02-04,250766666630
299,2022-04-21,250766666630
313,2020-09-29,250766666630
391,2021-01-31,250766666630
466,2020-11-02,250766666630
525,2023-09-24,250766666630
548,2023-03-31,250766666630
552,2021-01-29,250766666630
554,2020-04-12,250766666630
584,2021-04-06,250766666630
6,2022-11-23,250766666631
10,2023-05-24,250766666631
63,2024-02-11,250766666631
70,2021-02-26,250766666631
88,2021-02-28,250766666631
105,2020-04-10,250766666631
394,2021-09-07,250766666631
404,2024-01-25,250766666631
453,2020-03-22,250766666631
538,2022-11-24,250766666631
594,2024-02-16,250766666631
92,2022-05-13,250766666632
107,2020-08-28,250766666632
126,2022-03-06,250766666632
432,2023-12-01,250766666632
519,2020-08-15,250766666632
546,2022-12-15,250766666632
559,2021-06-24,250766666632
581,2023-05-03,250766666632
34,2023-08-24,250766666633
55,2023-04-07,250766666633
85,2021-02-26,250766666633
136,2020-07-19,250766666633
138,2023-05-07,250766666633
144,2020-09-02,250766666633
172,2024-03-31,250766666633
295,2022-01-15,250766666633
325,2022-07-31,250766666633
433,2022-05-16,250766666633
545,2022-02-23,250766666633
612,2022-10-19,250766666633
35,2022-09-11,250766666634
56,2020-08-22,250766666634
137,2023-11-23,250766666634
194,2022-08-04,250766666634
224,2023-05-26,250766666634
301,2022-06-24,250766666634
390,2021-01-15,250766666634
408,2023-05-18,250766666634
449,2021-02-01,250766666634
463,2022-01-16,250766666634
497,2022-10-11,250766666634
542,2020-08-29,250766666634
572,2023-08-28,250766666634
45,2024-01-09,250766666636
79,2021-01-14,250766666636
91,2023-01-13,250766666636
234,2021-07-24,250766666636
242,2021-09-30,250766666636
263,2023-09-06,250766666636
309,2021-02-26,250766666636
339,2021-12-15,250766666636
397,2022-12-06,250766666636
400,2023-07-29,250766666636
500,2023-01-08,250766666636
40,2022-03-31,250766666637
196,2021-05-19,250766666637
273,2021-03-26,250766666637
308,2023-04-21,250766666637
349,2024-03-15,250766666637
426,2022-11-04,250766666637
457,2023-09-17,250766666637
485,2022-07-10,250766666637
540,2023-06-04,250766666637
566,2023-11-19,250766666637
11,2021-12-29,250766666638
59,2022-11-15,250766666638
203,2021-07-11,250766666638
239,2022-02-05,250766666638
259,2021-12-21,250766666638
264,2022-02-05,250766666638
363,2023-12-12,250766666638
435,2023-08-12,250766666638
508,2022-08-24,250766666638
25,2022-07-11,250766666639
39,2022-10-14,250766666639
67,2020-04-30,250766666639
103,2021-06-12,250766666639
154,2021-07-06,250766666639
175,2020-09-25,250766666639
201,2020-11-05,250766666639
373,2020-05-06,250766666639
503,2021-12-04,250766666639
160,2021-04-06,250766666641
165,2020-06-13,250766666641
193,2024-03-01,250766666641
279,2023-11-14,250766666641
493,2022-11-09,250766666641
513,2020-03-20,250766666641
524,2022-05-28,250766666641
547,2022-06-26,250766666641
589,2021-06-12,250766666641
12,2020-12-15,250766666642
93,2023-03-26,250766666642
148,2023-11-13,250766666642
183,2022-03-24,250766666642
226,2024-03-17,250766666642
312,2022-03-02,250766666642
385,2020-11-14,250766666642
396,2024-02-08,250766666642
458,2020-11-26,250766666642
550,2020-04-28,250766666642
596,2023-10-05,250766666642
20,2020-05-19,250766666643
53,2020-04-06,250766666643
269,2021-03-28,250766666643
314,2024-02-04,250766666643
318,2022-09-04,250766666643
355,2020-09-22,250766666643
359,2024-03-13,250766666643
374,2022-04-01,250766666643
428,2020-09-24,250766666643
481,2022-02-01,250766666643
489,2020-04-26,250766666643
512,2023-05-05,250766666643
15,2020-07-14,250766666644
48,2023-06-03,250766666644
117,2021-05-15,250766666644
252,2024-01-25,250766666644
266,2023-05-19,250766666644
347,2022-05-21,250766666644
350,2020-03-06,250766666644
441,2021-11-22,250766666644
480,2022-12-11,250766666644
531,2021-04-11,250766666644
601,2022-01-11,250766666644
29,2024-01-27,250766666645
95,2023-08-29,250766666645
141,2020-09-26,250766666645
170,2022-01-08,250766666645
181,2023-03-19,250766666645
212,2022-07-06,250766666645
241,2021-01-18,250766666645
360,2021-11-28,250766666645
440,2022-09-05,250766666645
576,2022-09-28,250766666645
30,2022-07-15,250766666646
86,2022-05-15,250766666646
176,2020-08-29,250766666646
180,2023-07-08,250766666646
197,2022-02-13,250766666646
238,2020-05-26,250766666646
255,2022-10-15,250766666646
401,2022-10-04,250766666646
451,2024-03-15,250766666646
454,2022-05-19,250766666646
479,2020-05-17,250766666646
539,2020-11-21,250766666646
604,2022-01-23,250766666646
65,2021-12-20,250766666647
72,2021-11-04,250766666647
168,2023-10-22,250766666647
177,2020-12-19,250766666647
271,2020-12-25,250766666647
413,2020-03-04,250766666647
452,2022-10-09,250766666647
484,2023-05-05,250766666647
569,2021-03-26,250766666647
7,2021-08-24,250766666649
38,2023-01-15,250766666649
164,2020-09-09,250766666649
216,2023-06-26,250766666649
261,2021-02-16,250766666649
284,2022-09-25,250766666649
327,2020-12-29,250766666649
446,2021-06-30,250766666649
574,2021-05-31,250766666649
608,2020-10-07,250766666649
36,2020-12-08,250766666651
94,2022-02-09,250766666651
190,2022-03-20,250766666651
191,2022-01-03,250766666651
211,2021-02-03,250766666651
398,2023-08-20,250766666651
399,2024-03-19,250766666651
491,2020-09-07,250766666651
571,2020-08-31,250766666651
590,2021-10-12,250766666651
26,2022-11-28,250766666655
90,2020-03-16,250766666655
99,2021-08-23,250766666655
356,2021-06-16,250766666655
427,2024-01-08,250766666655
430,2023-10-02,250766666655
450,2021-07-16,250766666655
555,2021-11-15,250766666655
586,2023-06-26,250766666655
610,2020-07-08,250766666655
218,2023-12-11,250766666656
304,2023-07-10,250766666656
380,2020-03-23,250766666656
381,2021-09-26,250766666656
535,2023-04-21,250766666656
47,2021-04-02,250766666657
68,2020-12-17,250766666657
157,2023-06-03,250766666657
158,2022-05-03,250766666657
214,2023-04-17,250766666657
228,2024-02-03,250766666657
232,2020-09-30,250766666657
254,2021-10-26,250766666657
324,2022-05-28,250766666657
335,2023-12-08,250766666657
351,2020-09-28,250766666657
407,2022-01-06,250766666657
527,2023-05-02,250766666657
33,2021-04-06,250766666658
82,2023-01-04,250766666658
100,2020-10-07,250766666658
140,2022-03-01,250766666658
146,2021-12-01,250766666658
246,2024-01-23,250766666658
285,2021-03-17,250766666658
294,2020-08-23,250766666658
320,2022-04-01,250766666658
338,2024-02-25,250766666658
473,2021-03-22,250766666658
506,2021-11-18,250766666658
541,2021-12-22,250766666658
8,2022-11-04,250766666659
37,2020-07-29,250766666659
61,2024-03-27,250766666659
121,2021-09-12,250766666659
155,2022-01-03,250766666659
220,2024-02-14,250766666659
599,2023-07-02,250766666659
607,2024-02-28,250766666659
